{"log_mean": 2.692251515924156, "log_std": 0.8873522024941699}